ID,分野,項目,状態,必要成果物,現状,不足情報,検証方法,依存ID,製造承認
RDR-001,system,両段回収・同一機番の再飛行要求,要求固定,"システム要求仕様書
両段再使用の成功判定定義",ロケットの両段を帰還させ、同一機番の両段を再飛行・再回収する要求を固定する。要求固定は達成済みの意味ではない。,各飛行の機番、許容構成変更、成功判定の観測量,"要求レビューと構成監査
機番付き飛行・回収・再飛行記録照合",,False
RDR-002,system,基準ミッション・軌道・運用範囲,解析仮定,"基準ミッション書
発射・回収場所と軌道の入力データセット",無人LEO輸送を検討範囲とするが、550km・53度・2機はユーザーが承認した性能ではない。,発射場、B1/S2回収場所、利用地域、衛星の投入要件、許容待機時間,"ミッション整合性レビュー
射場から投入軌道・帰還窓への到達解析",RDR-001,False
RDR-003,system,二段式・保持式扉・段間部の構成,方式選定,"製品構成図
分離・保持物一覧
通常飛行の投棄物台帳",二段式と機体保持式扉を採用方式として継承。個々の機構や取付強度は未決定。,分離境界、段間部の帰属、衛星側/上段側部品の境界,"構成監査
分離後の全物品追跡
機構統合試験","RDR-001,RDR-002",False
RDR-004,system,質量・重心・慣性・消耗品の統合予算,解析仮定,"部品別質量台帳
全状態の重心・慣性表
成長余裕/使用可能量/非使用残量台帳",618.6t・上段乾燥18t・帰還4tは旧比較点B0。C1の確定質量ではない。乾燥25%余裕の二重加算を禁じ、姿勢制御/冷却/再始動等を別計上する。上段乾燥18/20/22/24tと帰還4/4.9/6/8t等の感度を検討し、逆算による大型化値を採用仕様にしない。,実部品見積り、タンク/TPS/脚の積上げ、残液、姿勢制御剤、加圧ガス、ベント、冷却/再始動消費,"台帳合計と状態間の質量保存検査
実機重量・重心測定
上昇/帰還同時感度解析","RDR-002,RDR-003,RDR-007,RDR-014,RDR-018,RDR-024",False
RDR-005,system,上昇・軌道離脱・帰還の同時成立,未確定,"統合飛行解析報告
分散・誤差込み性能予算
飛行可能域と除外条件",B0の正の算術余裕を飛行成立とみなさない。仮要求10290m/sへの差は約34m/sで、質量/Ispの組合せ次第で消失する。乾燥成長を仮連動した上昇逆算は帰還量の再計算も必要で、C1で新しい質量/推進剤仕様は確定していない。,固定ミッション、質量状態、推力/Isp曲線、空力/熱モデル、誤差分布、帰還電力、気象,"校正済み軌道/6自由度解析
不確かさ込み投入・帰還条件の同時検証
飛行測定との照合","RDR-002,RDR-004,RDR-014,RDR-016,RDR-018,RDR-022,RDR-026,RDR-029",False
RDR-006,system,図面番号・リビジョン・設計構成管理,未確定,"図面/仕様書/解析モデルの総索引
変更管理台帳
設計・製造・実機構成の対応表",本台帳は成果物要求の一覧であり製造図面一式ではない。実在しない図面番号・承認者・承認版は付与しない。,図面命名規則、構成識別ルール、変更影響評価、設計責任/承認体制,"版・参照整合性監査
製造BOMと承認図面・実装版の対応照合","RDR-003,RDR-033,RDR-039",False
RDR-007,structures,機体外形・内部配置・製造図,未確定,"全体組立図/3D形状
断面配置図
部品製造図/公差/基準面/組立指示",径5〜6m/高さ55〜70mは従来の探索枠。舵面前後各2枚・脚4本は外観配置候補にとどめる。色/比率の外観統一は製造寸法の確定と区別する。,タンク有効容積、部品包絡、重心、熱防護厚、取付/点検空間、製造/輸送設備制約,"干渉/容積/アクセス確認
公差積上げと製造性審査
実物適合確認","RDR-003,RDR-004,RDR-009,RDR-014,RDR-018,RDR-032,RDR-033",False
RDR-008,structures,材料・許容値・腐食/環境適合,未確定,"材料選定表
許容応力/低温靱性/疲労/破壊特性データ
表面処理/防食/材料トレーサビリティ仕様",材種、熱処理、板厚、調達規格を類似機から推定して確定しない。,温度/応力/腐食環境、材料ロット特性、製造工程、採用規格の適用範囲,"材料試験と工程後試験
環境適合評価
証明書/ロット照合","RDR-002,RDR-010,RDR-018,RDR-031",False
RDR-009,structures,タンク・溶接・接合の詳細設計,未確定,"タンク製造図
接合/溶接工程仕様・工程認定記録
耐圧/漏洩/座屈/低温サイクル検証書",圧力、板厚、溶接条件を未解析の数値で埋めない。,材料許容値、容積/形状、流体系の圧力包絡、荷重、熱サイクル、検査到達性,"試験計画承認後の低温/圧力/漏洩/繰返し検証
接合試験片/非破壊検査
解析校正","RDR-007,RDR-008,RDR-010,RDR-015,RDR-035",False
RDR-010,structures,全飛行荷重・強度・座屈・振動,未確定,"荷重条件台帳
構造解析モデル/解析報告
終極/限界荷重と余裕一覧
静強度・モード・振動試験報告",安全係数をかけた机上値だけで製造/再使用許可を出さない。,全体形状、質量、推力/空力/加熱、取付境界、材料、寿命スペクトル,"結合荷重/有限要素解析
静強度/モード/振動試験で相関
故障と局所損傷の評価","RDR-004,RDR-005,RDR-007,RDR-008,RDR-018",False
RDR-011,structures,段分離・保持扉・ラッチ・機構,未確定,"分離/扉/ラッチ組立図とBOM
駆動・状態検知回路
干渉/衝撃/寿命/熱変形報告",段間分離と衛星放出後の確実な扉閉鎖を同じ構成で検証する。,荷重、熱変形、公差、衛星包絡、再接触余裕、駆動電力、検知方式,"代表質量/低温/変形条件での反復機構試験
分離/閉鎖/誤状態故障注入","RDR-003,RDR-007,RDR-010,RDR-024,RDR-032,RDR-033",False
RDR-012,structures,着陸脚・吸収部・接地安定性,未確定,"脚/取付部製造図
吸収特性/展開/ロック仕様
着陸荷重・転倒余裕報告",海上甲板動揺、重心/残液移動と脚性能を結合してから接地条件を固定する。,接地質量/重心、最悪速度/姿勢/地面/甲板条件、推力停止挙動、材料/寿命,"脚機能/落下/着陸荷重試験
転倒/滑り/固定機構の結合評価","RDR-004,RDR-008,RDR-010,RDR-022,RDR-029,RDR-031",False
RDR-013,propulsion,LOX/液体メタンの共通化方式,方式選定,"推進系方式選定書
機体/地上系の推進剤境界定義",共通推進剤を採用する。エンジンサイクルや燃焼条件・採用品の確定とは切り離す。,供給/調達条件、地上取扱い範囲、材料/シール適合条件,"方式比較とインターフェースレビュー
材料/流体系適合検証","RDR-001,RDR-003",False
RDR-014,propulsion,主推進・上段着陸推進の採用仕様,未確定,"エンジン要求・選定/調達仕様
組立図/BOM/機体取付接口
推力/Isp/絞り/再始動/寿命性能表と検証記録",上昇用エンジンをそのまま絞れば着陸できるとは扱わない。部品型番や製造条件を発明しない。,上昇/帰還推力包絡、最低安定推力、応答、待機/再始動条件、機体包絡、実証データ,"供給者データ審査
地上認定/受入燃焼と再始動試験
性能曲線を飛行解析へ反映","RDR-004,RDR-005,RDR-007,RDR-013,RDR-016,RDR-022",False
RDR-015,propulsion,配管・加圧・弁・ベント・計測,未確定,"流体系図/配管計装図
配管製造図/弁・継手BOM
圧力/温度/流量包絡
洗浄・漏洩・機能検査仕様",加圧ガス・消費量は質量台帳へ独立計上し、非使用残液から黙って流用しない。,エンジン入口要求、タンク圧力包絡、熱侵入、加圧源、ベント方向/荷重、部品適合,"流量/漏洩/圧力過渡試験
弁固着/センサー異常の故障注入
質量台帳照合","RDR-004,RDR-009,RDR-013,RDR-014,RDR-024",False
RDR-016,propulsion,再始動・残液・着陸用供給,未確定,"推進剤保持/供給方式選定
残液/スロッシング/沈降モデル
冷却・再始動・終末供給の結合検証",旧0.8t離脱/3.2t着陸は確定必要量ではない。4.9tも乾燥18tの特定仮条件だけの値。乾燥増加、姿勢遷移、蒸発/冷却/再着火消費を含む帰還必要量と液供給は未成立。,姿勢/加速度履歴、液量/温度/圧力、エンジン入口条件、蒸発/冷却消費、計測誤差,"低温供給/姿勢変化の代表試験
校正モデルとのHIL結合
最悪供給余裕の検証","RDR-004,RDR-005,RDR-009,RDR-014,RDR-015,RDR-022",False
RDR-017,thermal,上段再突入方式・熱防護ゾーン,方式選定,"再突入方式選定書
熱防護区域・機体面の機能図",風上面TPS・風下面収納扉の機能配置と高迎角降下を方式として選定。風下面にも局所加熱評価は必要。形状、材料、空力安定性、熱限界は未認定。,機体外形と質量変化、再突入回廊、姿勢包絡、扉/舵面境界,"空力/加熱方式比較
帰還成立解析との整合","RDR-002,RDR-003,RDR-005,RDR-007",False
RDR-018,thermal,空力加熱・TPS材料・取付・機内熱,未確定,"空力/加熱データベース
TPS区画図・材料/厚み/取付図
継目/扉/エンジン周辺熱設計
機内熱制御/放熱/断熱設計",TPS2.5tの配分や一般公開材料性能だけでは面積・厚み・接着/取付寿命が成立しない。,飛行荷重/熱履歴、空力形状、材料/取付許容値、機内温度限界、欠損/修理条件,"空力/加熱試験と熱解析相関
材料/接合/区画の繰返し加熱試験
熱構造結合検証","RDR-004,RDR-005,RDR-007,RDR-008,RDR-010,RDR-017,RDR-024,RDR-026",False
RDR-019,thermal,軌道離脱前のTPS損傷評価,未確定,"損傷検出方式/検出限界仕様
離脱前健全性判定設計
検出不能損傷の扱い",温度正常・地上検査済みだけで上昇後のTPS無損傷と判定しない。,観測範囲、画像/計測方式、最小危険損傷、検出確率、照明/姿勢、通信/電力,"模擬損傷による検出能力試験
視野/死角/誤検出評価
離脱判断との統合試験","RDR-018,RDR-020,RDR-024,RDR-026,RDR-028",False
RDR-020,GNC,航法・操舵の機能構成,方式選定,"航法/操舵ブロック図
センサー/アクチュエーター機能分担図",機能方式のみ選定。センサー型番・機数・装着位置・周期は未固定。,飛行段階ごとの観測/操舵要求、環境、単一/共通故障条件,"可観測性/操舵権限の方式レビュー
状態遷移との接口確認","RDR-003,RDR-005,RDR-017",False
RDR-021,GNC,座標・時刻・航法誤差・センサー仕様,未確定,"座標/時刻/原点定義
センサー選定・配置・校正仕様
推定器要求と誤差予算",センサーを複数置いたことだけでは独立冗長性の証明にならない。,実センサー雑音/バイアス/遅延、装着誤差、時刻同期、GNSS利用不能条件、甲板計測,"校正/誤差伝播解析
センサー記録再生/故障注入
HIL/飛行計測照合","RDR-007,RDR-020,RDR-024,RDR-025,RDR-029",False
RDR-022,GNC,飛行制御・姿勢遷移・着陸設計,未確定,"制御則/モード遷移要求
検証済み機体/液体/操舵モデル
ゲイン/制約/飛行データの管理仕様
全包絡の安定性/到達性証拠",実行可能な飛行コードや制御数値は現状の一般論から確定できない。,空力/柔軟性/スロッシング/推力応答、航法誤差、風/海況、飽和、故障包絡,"3DOFから校正済み6DOFへの段階解析
SIL/HIL/アクチュエーター結合試験
反復飛行でモデル更新","RDR-004,RDR-005,RDR-010,RDR-012,RDR-014,RDR-016,RDR-018,RDR-021,RDR-028",False
RDR-023,GNC,独立飛行安全機能と故障評価,未確定,"飛行安全要求/独立性図
危険分析/FMEA/共通原因分析
飛行可能域/安全区域仕様
追跡/判断/指令系設計",独立した機能を設ける方針はあるが、射場適合や飛行安全認定は未取得。,運用国/射場、人口/航空海上制約、故障包絡、追跡性能、適用規則、責任主体,"独立性/共通原因審査
故障注入・追跡試験
射場/運用当局との適合審査","RDR-002,RDR-005,RDR-021,RDR-024,RDR-025,RDR-028,RDR-040",False
RDR-024,electrical,回路図・電源配分・電子機器BOM,未確定,"電源単線図/回路図
基板設計・部品BOM
保護/遮断/冗長性/接地設計
電力・ピーク負荷台帳",回路、定格、部品型番を無根拠に決めない。安全系の独立性を配電まで追跡する。,機器負荷、バス要求、温度/放射線/振動、故障隔離、調達データ、帰還待機時間,"回路設計審査
電源/過渡/故障隔離試験
環境試験と部品ディレーティング確認","RDR-004,RDR-007,RDR-014,RDR-019,RDR-020,RDR-026,RDR-028",False
RDR-025,electrical,ハーネス・端子・EMC・接地,未確定,"配線図/ピン定義/ハーネスBOM
配索/固定/分離面接口図
EMC/接地/雷・静電気対策仕様",図面がない段階で電気接口を接続可能とは判定しない。,機器配置、信号/電流/周波数、電源冗長性、熱変形、分離界面、地上環境,"導通/絶縁/ピン照合
EMC/相互干渉/環境試験
分離前後の接口確認","RDR-007,RDR-011,RDR-021,RDR-023,RDR-024,RDR-033",False
RDR-026,electrical,帰還・待機・安全化までの蓄電,未確定,"飛行段階別電力/エネルギー予算
電池選定/取付/熱管理/保護仕様
劣化/低温/待機延長試験",軌道待機の長さを決めずに容量確定はできない。端末側DC80W/116Wは機体電力と無関係。,実機負荷、待機最大時間、ピーク、効率、電池特性、温度、寿命,"最悪エネルギー収支
実負荷・温度・劣化条件の放電試験
安全化までの連続運転","RDR-002,RDR-005,RDR-018,RDR-024,RDR-028,RDR-031",False
RDR-027,software,飛行ソフト・端末通信の権限分離,方式選定,"ソフト機能/権限アーキテクチャ
機上状態遷移要求
更新/認証/ログ設計方針",決定経路の分離を継承する。A-LINK実装や端末試験をロケット飛行ソフトの完成証拠へ転用しない。,機上/地上/端末の信頼境界、機能配分、故障時の権限,"権限/データフロー審査
通信断・不正入力・更新失敗の設計レビュー","RDR-001,RDR-003,RDR-020",False
RDR-028,software,飛行ソフト実装・ビルド・検証,未確定,"ソフト要求と設計記述
ソース/再現ビルド/構成パラメーター管理
単体/統合/SIL/HIL検証記録
時刻/周期/資源/故障応答証拠",飛行ソフト、実計算機、認定試験結果は参照資料にない。,要求/機器接口/リアルタイム制約、計算機、危険度分類、制御モデル、独立検証方針,"要求から試験への追跡
再現ビルド/静的解析/境界・故障注入
実計算機で期限/異常応答の確認","RDR-020,RDR-021,RDR-022,RDR-023,RDR-024,RDR-027,RDR-038",False
RDR-029,ground,回収方式と運用場所の境界,方式選定,"B1洋上/S2指定回収場の運用構成
発射/回収窓の定義
代替回収/中止方針",第1段downrange海上/上段指定地上場への垂直着陸方式を採用。実際の場所・設備・気象運用限界は未選定。発射国/場所はユーザー回答待ちで、発射場帰還を標準性能に含めない。,射場/船舶/上段回収場の候補、地理、気象/海況、回収窓、第三者制約,"場所と軌道到達性の照合
運用概念レビュー
不使用条件の評価","RDR-001,RDR-002,RDR-005",False
RDR-030,ground,発射・整備・充填設備の詳細設計,未確定,"地上配置/設備組立図
支持/固定/アンビリカル図
供給/排出/計測/インターロック仕様
地上機器BOM",機体支持荷重と流体/電気接口が未確定のため地上設備の製造承認はできない。,サイト条件、機体荷重/接口、推進剤供給、要員動線、適用規則、緊急時条件,"設備設計審査
地上受入/接続/故障注入試験
機体統合リハーサル","RDR-007,RDR-010,RDR-013,RDR-015,RDR-024,RDR-025,RDR-033,RDR-040",False
RDR-031,ground,回収設備・安全化・固定・輸送,未確定,"海上甲板/固定機構/上段着陸場の要求図
安全化状態定義と手順
回収輸送架台図
接近/吊上げ/塩害対策",着陸しただけでは回収員が接近可能とは判定しない。,実回収場所、甲板動揺、風/塩分、残留圧力/温度/電源、機体支持点、輸送経路,"安全化機能/遠隔状態確認試験
荷重/固定/輸送評価
代表機体での回収訓練","RDR-009,RDR-012,RDR-015,RDR-023,RDR-024,RDR-026,RDR-029,RDR-035,RDR-040",False
RDR-032,payload,衛星質量・包絡・分離条件,解析仮定,"ペイロード要求書
質量/重心/包絡/環境表
衛星放出・位相分離条件",B-H1の機能配置はD07で方式選定済み。ただし本項目の500kg×2・包絡・分離条件は引き続き計算仮定であり確定性能ではない。2機から常時通信を保証せず、別軌道面配置能力を現予算に含めない。,最新衛星設計の質量/寸法/環境/投入条件、分離機構、位相分離方法,"衛星/上段インターフェースレビュー
包絡/荷重/衝突回避解析
代表衛星による分離試験","RDR-002,RDR-004,RDR-007,RDR-011",False
RDR-033,payload,機体・衛星・地上・端末のICD,未確定,"IF-01〜06の値入りICD
座標/時刻/電気/流体/機械接口一覧
衛星通信と飛行通信の独立境界",ロケット/衛星の機械・電気接口と端末通信接口を別管理。D07のB-H1配置、D08のE3 4塔＋Hubへ同期する。9704別筐体はIridium実証系であり、自前A-LINKへの直接接続実証ではない。旧198mm一体箱/80Wを流用しない。数値入りICDは未確定。,機体/衛星/地上の確定接口、E3の最新承認状況、通信方式/機器/地上網契約,"相互署名された接口版照合
寸法/ピン/時刻/データの適合検査
エンドツーエンド通信と権限分離試験","RDR-006,RDR-007,RDR-011,RDR-021,RDR-024,RDR-025,RDR-027,RDR-030,RDR-032",False
RDR-034,reuse,機番・部品・履歴の追跡要求,要求固定,"構成/機番/シリアル台帳の仕様
飛行/検査/交換/修理記録の必須項目
履歴欠損時の再飛行保留ルール",再使用の証拠を追えることを設計要求として固定する。台帳へ実績が登録された意味ではない。,製品構成識別、寿命管理単位、記録保管/変更権限、検査/修理コード,"記録仕様レビュー
構成監査と欠落/誤版/交換部品の追跡試験","RDR-001,RDR-003",False
RDR-035,reuse,回収検査・非破壊検査・修理判定,未確定,"部位別検査図/手順
検出能力/欠陥許容値
修理/交換/再試験仕様
検査員/機器校正条件",検査で見えない損傷を無損傷と解釈しない。材料と構造に対応する許容値は未選定。,危険欠陥寸法、材料/接合/寿命モデル、検査アクセス、検出能力、修理後許容値,"人工欠陥/代表損傷で検出能力を実証
繰返し荷重/熱後検査
修理後機能・強度確認","RDR-008,RDR-009,RDR-010,RDR-012,RDR-014,RDR-018,RDR-019,RDR-034",False
RDR-036,reuse,寿命・交換周期・整備日数,解析仮定,"機体/部品寿命割当
損傷蓄積/退役基準
交換部品一覧
整備工数/日数の測定計画",回数/日数を保証値にしない。燃焼・始動・圧力・熱・着陸サイクルを個別管理する。,繰返し試験結果、実回収損傷、部品交換基準、整備資源/工数,"寿命試験・分解検査・故障統計
同一機番の反復飛行
実整備工数測定","RDR-001,RDR-008,RDR-009,RDR-012,RDR-014,RDR-018,RDR-034,RDR-035",False
RDR-037,reuse,再飛行許可と両段再使用実証,未確定,"機番別再飛行判定書
構成/寿命/修理/試験証拠パッケージ
同一両段の再飛行・再回収記録",回収・再飛行・再回収の物理証拠0件。接続ソフトの合格数は加算しない。,全必須検査合格、寿命残余、修理/交換履歴、構成適合、実飛行データ、許可責任者,"独立した再飛行審査
両段の機番連続性確認
再飛行・再回収の実演","RDR-001,RDR-005,RDR-023,RDR-028,RDR-031,RDR-034,RDR-035,RDR-036,RDR-038,RDR-040",False
RDR-038,verification,検証マトリクス・試験設備・認定計画,未確定,"要求→検証→合否→証拠のマトリクス
試験品/設備/計測/誤差管理
G0〜G6の入口/出口基準
不適合・再試験台帳",試験計画の存在と試験合格を別扱いにする。NASA一般手法は本機の認証証拠ではない。,各要求の合否値、試験対象版、設備/測定精度、解析適用範囲、責任者、受入権限,"要求/証拠追跡監査
試験準備審査
実施結果・逸脱・未実施を版固定して記録","RDR-001,RDR-002,RDR-004,RDR-006,RDR-034",False
RDR-039,manufacturing,部品BOM・調達・製造工程・品質記録,未確定,"設計/製造BOM
部品・材料の調達仕様と受入基準
製造工程票/組立指示/清浄度管理
初品/受入検査と不適合処置",概念図を製造図として扱わず、任意部品型番・圧力・溶接値で空欄を埋めない。,承認図面、材料/部品供給元、代替管理、工程能力、工具/校正、清浄度、検査基準,"初品/受入検査
工程認定・材料/部品ロット追跡
図面/BOM/実機の一致監査","RDR-006,RDR-007,RDR-008,RDR-009,RDR-011,RDR-012,RDR-014,RDR-015,RDR-018,RDR-024,RDR-025,RDR-035",False
RDR-040,ground,運用適合・飛行/再突入/射場リリース,未確定,"適用国/規則/射場要求の一覧
運用・教育・整備文書
発射/再突入/回収の準備審査証拠
承認・制限・例外台帳",本台帳は製造/発射/再突入/運用の承認ではない。適用要求と審査主体の確定後に許可証拠を追跡する。,運用国、事業/製造/射場責任主体、ミッション、環境/第三者影響、教育/保守体制、正式審査要求,"要求適合レビュー
運用リハーサル
発射/再突入/回収の準備審査と許可書照合","RDR-002,RDR-005,RDR-023,RDR-029,RDR-030,RDR-031,RDR-037,RDR-038",False
