"PACKAGE","VERSION","LICENSE","LICENSE FILES","SOURCE ARCHIVE","SOURCE SITE","DEPENDENCIES WITH LICENSES"
"gcc-final","15.3.0","GPL-3.0-with-GCC-exception","COPYING.RUNTIME","gcc-15.3.0.tar.xz","https://ftpmirror.gnu.org/gcc/gcc-15.3.0","linux-headers [GPL-2.0] musl [MIT] musl-compat-headers [BSD-3-Clause, Public Domain or CC0] skeleton-init-common [GPL-2.0-or-later] skeleton-init-sysv [GPL-2.0-or-later]"
"musl","1.2.6","MIT","COPYRIGHT","musl-1.2.6.tar.gz","http://musl.libc.org/releases","linux-headers [GPL-2.0] musl-compat-headers [BSD-3-Clause, Public Domain or CC0] skeleton-init-common [GPL-2.0-or-later] skeleton-init-sysv [GPL-2.0-or-later]"
"linux-headers","6.18.50","GPL-2.0","COPYING LICENSES/preferred/GPL-2.0 LICENSES/exceptions/Linux-syscall-note","linux-6.18.50.tar.xz","https://cdn.kernel.org/pub/linux/kernel/v6.x","skeleton-init-common [GPL-2.0-or-later] skeleton-init-sysv [GPL-2.0-or-later]"
"bubblewrap","0.11.2","LGPL-2.0+","COPYING","bubblewrap-0.11.2.tar.xz","https://github.com/containers/bubblewrap/releases/download/v0.11.2","gcc-final [GPL-3.0-with-GCC-exception] libcap [GPL-2.0 or BSD-3-Clause] linux-headers [GPL-2.0] musl [MIT] musl-compat-headers [BSD-3-Clause, Public Domain or CC0] skeleton-init-common [GPL-2.0-or-later] skeleton-init-sysv [GPL-2.0-or-later]"
"libcap","2.78","GPL-2.0 or BSD-3-Clause","License","libcap-2.78.tar.xz","https://www.kernel.org/pub/linux/libs/security/linux-privs/libcap2","gcc-final [GPL-3.0-with-GCC-exception] linux-headers [GPL-2.0] musl [MIT] musl-compat-headers [BSD-3-Clause, Public Domain or CC0] skeleton-init-common [GPL-2.0-or-later] skeleton-init-sysv [GPL-2.0-or-later]"
"busybox","1.38.0","GPL-2.0, bzip2-1.0.6","LICENSE archival/libarchive/bz/LICENSE","busybox-1.38.0.tar.bz2","https://www.busybox.net/downloads","gcc-final [GPL-3.0-with-GCC-exception] linux-headers [GPL-2.0] musl [MIT] musl-compat-headers [BSD-3-Clause, Public Domain or CC0] skeleton-init-common [GPL-2.0-or-later] skeleton-init-sysv [GPL-2.0-or-later]"
"cairo","1.18.4","LGPL-2.1 or MPL-1.1 (library)","COPYING COPYING-LGPL-2.1 COPYING-MPL-1.1","cairo-1.18.4.tar.xz","http://cairographics.org/releases","expat [MIT] fontconfig [fontconfig license] freetype [FTL or GPL-2.0+] gcc-final [GPL-3.0-with-GCC-exception] libpng [Libpng-2.0] libzlib [Zlib] linux-headers [GPL-2.0] musl [MIT] musl-compat-headers [BSD-3-Clause, Public Domain or CC0] pixman [MIT] skeleton-init-common [GPL-2.0-or-later] skeleton-init-sysv [GPL-2.0-or-later]"
"fontconfig","2.17.1","fontconfig license","COPYING","fontconfig-2.17.1.tar.xz","https://gitlab.freedesktop.org/api/v4/projects/890/packages/generic/fontconfig/2.17.1","expat [MIT] freetype [FTL or GPL-2.0+] gcc-final [GPL-3.0-with-GCC-exception] libpng [Libpng-2.0] libzlib [Zlib] linux-headers [GPL-2.0] musl [MIT] musl-compat-headers [BSD-3-Clause, Public Domain or CC0] skeleton-init-common [GPL-2.0-or-later] skeleton-init-sysv [GPL-2.0-or-later]"
"expat","2.8.4","MIT","COPYING","expat-2.8.4.tar.xz","https://github.com/libexpat/libexpat/releases/download/R_2_8_4","gcc-final [GPL-3.0-with-GCC-exception] linux-headers [GPL-2.0] musl [MIT] musl-compat-headers [BSD-3-Clause, Public Domain or CC0] skeleton-init-common [GPL-2.0-or-later] skeleton-init-sysv [GPL-2.0-or-later]"
"freetype","2.14.3","FTL or GPL-2.0+","LICENSE.TXT docs/FTL.TXT docs/GPLv2.TXT","freetype-2.14.3.tar.xz","https://download.savannah.gnu.org/releases/freetype","gcc-final [GPL-3.0-with-GCC-exception] libpng [Libpng-2.0] libzlib [Zlib] linux-headers [GPL-2.0] musl [MIT] musl-compat-headers [BSD-3-Clause, Public Domain or CC0] skeleton-init-common [GPL-2.0-or-later] skeleton-init-sysv [GPL-2.0-or-later]"
"libpng","1.6.58","Libpng-2.0","LICENSE","libpng-1.6.58.tar.xz","https://downloads.sourceforge.net/project/libpng/libpng16/1.6.58","gcc-final [GPL-3.0-with-GCC-exception] libzlib [Zlib] linux-headers [GPL-2.0] musl [MIT] musl-compat-headers [BSD-3-Clause, Public Domain or CC0] skeleton-init-common [GPL-2.0-or-later] skeleton-init-sysv [GPL-2.0-or-later]"
"libzlib","1.3.2","Zlib","LICENSE","zlib-1.3.2.tar.xz","https://www.zlib.net","gcc-final [GPL-3.0-with-GCC-exception] linux-headers [GPL-2.0] musl [MIT] musl-compat-headers [BSD-3-Clause, Public Domain or CC0] skeleton-init-common [GPL-2.0-or-later] skeleton-init-sysv [GPL-2.0-or-later]"
"pixman","0.46.4","MIT","COPYING","pixman-0.46.4.tar.xz","https://xorg.freedesktop.org/releases/individual/lib","gcc-final [GPL-3.0-with-GCC-exception] linux-headers [GPL-2.0] musl [MIT] musl-compat-headers [BSD-3-Clause, Public Domain or CC0] skeleton-init-common [GPL-2.0-or-later] skeleton-init-sysv [GPL-2.0-or-later]"
"dash","0.5.13.5","BSD-3-Clause, GPL-2.0+ (mksignames.c)","COPYING","dash-0.5.13.5.tar.gz","http://gondor.apana.org.au/~herbert/dash/files","gcc-final [GPL-3.0-with-GCC-exception] linux-headers [GPL-2.0] musl [MIT] musl-compat-headers [BSD-3-Clause, Public Domain or CC0] skeleton-init-common [GPL-2.0-or-later] skeleton-init-sysv [GPL-2.0-or-later]"
"json-c","0.18","MIT","COPYING","json-c-0.18.tar.gz","https://s3.amazonaws.com/json-c_releases/releases","gcc-final [GPL-3.0-with-GCC-exception] linux-headers [GPL-2.0] musl [MIT] musl-compat-headers [BSD-3-Clause, Public Domain or CC0] skeleton-init-common [GPL-2.0-or-later] skeleton-init-sysv [GPL-2.0-or-later]"
"libffi","3.8.0","MIT","LICENSE","libffi-3.8.0.tar.gz","https://github.com/libffi/libffi/releases/download/v3.8.0","gcc-final [GPL-3.0-with-GCC-exception] linux-headers [GPL-2.0] musl [MIT] musl-compat-headers [BSD-3-Clause, Public Domain or CC0] skeleton-init-common [GPL-2.0-or-later] skeleton-init-sysv [GPL-2.0-or-later]"
"libopenssl","3.6.4","Apache-2.0","LICENSE.txt","openssl-3.6.4.tar.gz","https://github.com/openssl/openssl/releases/download/openssl-3.6.4","gcc-final [GPL-3.0-with-GCC-exception] libzlib [Zlib] linux-headers [GPL-2.0] musl [MIT] musl-compat-headers [BSD-3-Clause, Public Domain or CC0] skeleton-init-common [GPL-2.0-or-later] skeleton-init-sysv [GPL-2.0-or-later]"
"libseccomp","2.6.0","LGPL-2.1","LICENSE","libseccomp-2.6.0.tar.gz","https://github.com/seccomp/libseccomp/releases/download/v2.6.0","gcc-final [GPL-3.0-with-GCC-exception] linux-headers [GPL-2.0] musl [MIT] musl-compat-headers [BSD-3-Clause, Public Domain or CC0] skeleton-init-common [GPL-2.0-or-later] skeleton-init-sysv [GPL-2.0-or-later]"
"python3","3.14.7","Python-2.0, others","LICENSE","Python-3.14.7.tar.xz","https://python.org/ftp/python/3.14.7","gcc-final [GPL-3.0-with-GCC-exception] libffi [MIT] libopenssl [Apache-2.0] libzlib [Zlib] linux-headers [GPL-2.0] musl [MIT] musl-compat-headers [BSD-3-Clause, Public Domain or CC0] skeleton-init-common [GPL-2.0-or-later] skeleton-init-sysv [GPL-2.0-or-later] sqlite [blessing]"
"sqlite","3.53.4","blessing","tea/license.terms","sqlite-autoconf-3530400.tar.gz","https://www.sqlite.org/2026","gcc-final [GPL-3.0-with-GCC-exception] linux-headers [GPL-2.0] musl [MIT] musl-compat-headers [BSD-3-Clause, Public Domain or CC0] skeleton-init-common [GPL-2.0-or-later] skeleton-init-sysv [GPL-2.0-or-later]"
"linux","6.18.50","GPL-2.0","COPYING LICENSES/preferred/GPL-2.0 LICENSES/exceptions/Linux-syscall-note","linux-6.18.50.tar.xz","https://cdn.kernel.org/pub/linux/kernel/v6.x","gcc-final [GPL-3.0-with-GCC-exception] linux-headers [GPL-2.0] musl [MIT] musl-compat-headers [BSD-3-Clause, Public Domain or CC0] skeleton-init-common [GPL-2.0-or-later] skeleton-init-sysv [GPL-2.0-or-later]"
"rock-core","0.1.0","Proprietary (project license not yet selected)","","rock-core-0.1.0.tar.gz","/var/tmp/rock-build-20260911/source/systems/rock-star-os/os/buildroot/../core","gcc-final [GPL-3.0-with-GCC-exception] linux-headers [GPL-2.0] musl [MIT] musl-compat-headers [BSD-3-Clause, Public Domain or CC0] skeleton-init-common [GPL-2.0-or-later] skeleton-init-sysv [GPL-2.0-or-later]"
"rock-platform","0.3.0","Proprietary (project license not yet selected)","","rock-platform-0.3.0.tar.gz","/var/tmp/rock-build-20260911/source/systems/rock-star-os/os/buildroot/../platform","bubblewrap [LGPL-2.0+] gcc-final [GPL-3.0-with-GCC-exception] libcap [GPL-2.0 or BSD-3-Clause] libffi [MIT] libopenssl [Apache-2.0] libseccomp [LGPL-2.1] libzlib [Zlib] linux-headers [GPL-2.0] musl [MIT] musl-compat-headers [BSD-3-Clause, Public Domain or CC0] python3 [Python-2.0, others] skeleton-init-common [GPL-2.0-or-later] skeleton-init-sysv [GPL-2.0-or-later] sqlite [blessing]"
"rock-ui","0.3.0","Proprietary (project license not yet selected)","","rock-ui-0.3.0.tar.gz","/var/tmp/rock-build-20260911/source/systems/rock-star-os/os/buildroot/../ui","cairo [LGPL-2.1 or MPL-1.1 (library)] expat [MIT] fontconfig [fontconfig license] freetype [FTL or GPL-2.0+] gcc-final [GPL-3.0-with-GCC-exception] json-c [MIT] libpng [Libpng-2.0] libzlib [Zlib] linux-headers [GPL-2.0] musl [MIT] musl-compat-headers [BSD-3-Clause, Public Domain or CC0] pixman [MIT] skeleton-init-common [GPL-2.0-or-later] skeleton-init-sysv [GPL-2.0-or-later]"
